{"shader":"blinn","ambient":[0,0,0],"ambientTint":false,"aoMapVertexColor":false,"aoMapChannel":"r","aoMapUv":0,"aoMapTiling":[3,3],"aoMapOffset":[1024,1024],"occludeSpecular":1,"diffuse":[1,1,1],"diffuseMap":"../4645462/SpaceTile.png","diffuseMapVertexColor":false,"diffuseMapChannel":"rgb","diffuseMapUv":0,"diffuseMapTiling":[3,3],"diffuseMapOffset":[1024,1024],"diffuseMapTint":false,"specular":[0.23,0.23,0.23],"specularMapVertexColor":false,"specularMapChannel":"rgb","specularMapUv":0,"specularMapTiling":[3,3],"specularMapOffset":[1024,1024],"specularMapTint":false,"specularAntialias":true,"useMetalness":true,"metalnessMapVertexColor":false,"metalnessMapChannel":"r","metalnessMapUv":0,"metalnessMapTiling":[3,3],"metalnessMapOffset":[1024,1024],"metalnessMapTint":false,"metalness":1,"conserveEnergy":true,"shininess":0,"glossMapVertexColor":false,"glossMapChannel":"r","glossMapUv":0,"glossMapTiling":[3,3],"glossMapOffset":[1024,1024],"fresnelModel":0,"fresnelFactor":0,"emissive":[0,0,0],"emissiveMapVertexColor":false,"emissiveMapChannel":"rgb","emissiveMapUv":0,"emissiveMapTiling":[3,3],"emissiveMapOffset":[1024,1024],"emissiveMapTint":false,"emissiveIntensity":1,"normalMapTiling":[3,3],"normalMapOffset":[1024,1024],"normalMapUv":0,"bumpMapFactor":1,"heightMapChannel":"r","heightMapUv":0,"heightMapTiling":[3,3],"heightMapOffset":[1024,1024],"heightMapFactor":1,"alphaTest":0.2,"opacity":1,"opacityMap":"../4645462/SpaceTile.png","opacityMapVertexColor":false,"opacityMapChannel":"a","opacityMapUv":0,"opacityMapTiling":[3,3],"opacityMapOffset":[1024,1024],"reflectivity":1,"refraction":0,"refractionIndex":0.6666666666666666,"cubeMapProjection":0,"lightMapVertexColor":false,"lightMapChannel":"rgb","lightMapUv":1,"lightMapTiling":[3,3],"lightMapOffset":[1024,1024],"depthTest":true,"depthWrite":true,"cull":0,"blendType":6,"shadowSampleType":1,"mapping_format":"path"}