{"shader":"blinn","ambient":[0,0,0],"diffuse":[0.7843137254901961,0.47058823529411764,0.20784313725490197],"specular":[0,0,0],"shininess":30,"emissive":[0,0,0],"opacity":1,"ambientTint":false,"aoMapVertexColor":false,"aoMapChannel":"r","aoMapUv":0,"aoMapTiling":[1,1],"aoMapOffset":[0,0],"occludeSpecular":1,"diffuseMapVertexColor":false,"diffuseMapChannel":"rgb","diffuseMapUv":0,"diffuseMapTiling":[1,1],"diffuseMapOffset":[0,0],"diffuseMapTint":false,"specularMapVertexColor":false,"specularMapChannel":"rgb","specularMapUv":0,"specularMapTiling":[1,1],"specularMapOffset":[0,0],"specularMapTint":false,"specularAntialias":true,"useMetalness":true,"metalnessMapVertexColor":false,"metalnessMapChannel":"r","metalnessMapUv":0,"metalnessMapTiling":[1,1],"metalnessMapOffset":[0,0],"metalnessMapTint":false,"metalness":0,"conserveEnergy":true,"glossMapVertexColor":false,"glossMapChannel":"r","glossMapUv":0,"glossMapTiling":[1,1],"glossMapOffset":[0,0],"fresnelModel":2,"fresnelFactor":0,"emissiveMapVertexColor":false,"emissiveMapChannel":"rgb","emissiveMapUv":0,"emissiveMapTiling":[1,1],"emissiveMapOffset":[0,0],"emissiveMapTint":false,"emissiveIntensity":1,"normalMapTiling":[1,1],"normalMapOffset":[0,0],"normalMapUv":0,"bumpMapFactor":1,"heightMapChannel":"r","heightMapUv":0,"heightMapTiling":[1,1],"heightMapOffset":[0,0],"heightMapFactor":1,"alphaTest":0,"opacityMapVertexColor":false,"opacityMapChannel":"r","opacityMapUv":0,"opacityMapTiling":[1,1],"opacityMapOffset":[0,0],"reflectivity":1,"refraction":0,"refractionIndex":0.6666666666666666,"cubeMapProjection":0,"lightMapVertexColor":true,"lightMapChannel":"rgb","lightMapUv":1,"lightMapTiling":[1,1],"lightMapOffset":[0,0],"depthTest":true,"depthWrite":true,"cull":1,"blendType":3,"shadowSampleType":1,"useFog":true,"useLighting":true,"useSkybox":true,"useGammaTonemap":true,"mapping_format":"path"}