{"shader":"blinn","ambient":[0,0,0],"ambientTint":false,"aoMapVertexColor":false,"aoMapChannel":"r","aoMapUv":0,"aoMapTiling":[1,1],"aoMapOffset":[0,0],"occludeSpecular":1,"diffuse":[1,1,1],"diffuseMap":"../4645421/lambert1_Base_Color.png","diffuseMapVertexColor":false,"diffuseMapChannel":"rgb","diffuseMapUv":0,"diffuseMapTiling":[1,1],"diffuseMapOffset":[0,0],"diffuseMapTint":false,"specular":[0.23,0.23,0.23],"specularMapVertexColor":false,"specularMapChannel":"rgb","specularMapUv":0,"specularMapTiling":[1,1],"specularMapOffset":[0,0],"specularMapTint":false,"specularAntialias":true,"useMetalness":true,"metalnessMapVertexColor":false,"metalnessMapChannel":"r","metalnessMapUv":0,"metalnessMapTiling":[1,1],"metalnessMapOffset":[0,0],"metalnessMapTint":false,"metalness":0,"conserveEnergy":true,"shininess":20,"glossMapVertexColor":false,"glossMapChannel":"r","glossMapUv":0,"glossMapTiling":[1,1],"glossMapOffset":[0,0],"fresnelModel":2,"fresnelFactor":0,"emissive":[0.8392156862745098,0.45098039215686275,0.06274509803921569],"emissiveMap":"../4645438/lambert1_Emissive.png","emissiveMapVertexColor":false,"emissiveMapChannel":"rgb","emissiveMapUv":0,"emissiveMapTiling":[1,1],"emissiveMapOffset":[0,0],"emissiveMapTint":true,"emissiveIntensity":10,"normalMapTiling":[1,1],"normalMapOffset":[0,0],"normalMapUv":0,"bumpMapFactor":1,"heightMapChannel":"r","heightMapUv":0,"heightMapTiling":[1,1],"heightMapOffset":[0,0],"heightMapFactor":1,"alphaTest":0,"opacity":1,"opacityMapVertexColor":false,"opacityMapChannel":"r","opacityMapUv":0,"opacityMapTiling":[1,1],"opacityMapOffset":[0,0],"reflectivity":1,"refraction":0,"refractionIndex":0.6666666666666666,"cubeMapProjection":0,"lightMapVertexColor":false,"lightMapChannel":"rgb","lightMapUv":1,"lightMapTiling":[1,1],"lightMapOffset":[0,0],"depthTest":true,"depthWrite":true,"cull":1,"blendType":3,"shadowSampleType":1,"mapping_format":"path"}